,cvs_mean,cvs_stdev
0,0.45566797177166246,0.04112692300503624
