,val_mae,val_mse
0,0.22548117154811717,0.09146066945606694
