,val_mae,val_mse
0,0.23091666666666663,0.10186166666666666
