,val_mae,val_mse
0,0.21907949790794978,0.08896652719665271
