,val_mae,val_mse
0,0.22129166666666666,0.10058708333333334
