,roc_auc,f1_score,precision_score,recall_score,accuracy_value
0,0.9074970854631871,0.7482993197278912,0.6547619047619048,0.873015873015873,0.8458333333333333
