,roc_auc,f1_score,precision_score,recall_score,accuracy_value
0,0.935802806633862,0.8235294117647058,0.7567567567567568,0.9032258064516129,0.899581589958159
