,roc_auc,f1_score,precision_score,recall_score,accuracy_value
0,0.9427282668124659,0.8461538461538461,0.8088235294117647,0.8870967741935484,0.9163179916317992
