,roc_auc,f1_score,precision_score,recall_score,accuracy_value
0,0.9163752129853824,0.7176470588235294,0.5700934579439252,0.9682539682539683,0.8
