,cvs_mean,cvs_stdev
0,0.8685655869139467,0.03798185522598542
