,val_mae,val_mse
0,0.06878661087866109,0.02675397489539749
