,val_mae,val_mse
0,0.06493723849372386,0.025866108786610883
