,val_mae,val_mse
0,0.06070833333333334,0.013309583333333335
