,val_mae,val_mse
0,0.06454166666666666,0.03727125
