,roc_auc,f1_score,precision_score,recall_score,accuracy_value
0,0.993074539821396,0.9384615384615385,0.8970588235294118,0.9838709677419355,0.9665271966527197
