,cvs_mean,cvs_stdev
0,0.4684066127441197,0.03322019444373133
