,val_mae,val_mse
0,0.22670833333333335,0.10153625000000001
