,val_mae,val_mse
0,0.2202916666666667,0.10394375
