,val_mae,val_mse
0,0.22359832635983262,0.09073138075313808
