,roc_auc,f1_score,precision_score,recall_score,accuracy_value
0,0.9373974849644615,0.8309859154929577,0.7375,0.9516129032258065,0.899581589958159
