,roc_auc,f1_score,precision_score,recall_score,accuracy_value
0,0.9115774370011658,0.7445255474452555,0.6891891891891891,0.8095238095238095,0.8541666666666666
