,roc_auc,f1_score,precision_score,recall_score,accuracy_value
0,0.916913281320061,0.7555555555555555,0.7083333333333334,0.8095238095238095,0.8625
