,cvs_mean,cvs_stdev
0,0.8684667062985817,0.03872385009441506
