,val_mae,val_mse
0,0.06309623430962344,0.024581589958159
