,val_mae,val_mse
0,0.06520833333333334,0.01380125
