,val_mae,val_mse
0,0.06343096234309624,0.02449456066945607
