,roc_auc,f1_score,precision_score,recall_score,accuracy_value
0,0.9603622993453502,0.9090909090909091,0.8695652173913043,0.9523809523809523,0.95
