,roc_auc,f1_score,precision_score,recall_score,accuracy_value
0,0.9990135413864227,0.984375,0.9692307692307692,1.0,0.9916666666666667
