,val_mae,val_mse
0,0.0743661971830986,0.03641408450704226
