,val_mae,val_mse
0,0.04747826086956522,0.014027826086956524
