,val_mae,val_mse
0,0.07026315789473685,0.03682719298245614
