,val_mae,val_mse
0,0.05789473684210527,0.027698245614035086
