,val_mae,val_mse
0,0.04921052631578946,0.020950000000000017
