,val_mae,val_mse
0,0.060438596491228076,0.026711403508771932
