,roc_auc,f1_score,precision_score,recall_score,accuracy_value
0,0.9970238095238095,0.9375,0.8823529411764706,1.0,0.9649122807017544
