,roc_auc,f1_score,precision_score,recall_score,accuracy_value
0,0.985070785070785,0.96,0.9473684210526315,0.972972972972973,0.9788732394366197
