,roc_auc,f1_score,precision_score,recall_score,accuracy_value
0,0.9878968253968253,0.9354838709677419,0.90625,0.9666666666666667,0.9649122807017544
