,val_mae,val_mse
0,0.04756521739130434,0.014684347826086958
