,val_mae,val_mse
0,0.0630701754385965,0.024379824561403505
