,val_mae,val_mse
0,0.07753521126760562,0.03874154929577465
