,val_mae,val_mse
0,0.05105263157894736,0.021877192982456148
