,val_mae,val_mse
0,0.059736842105263165,0.0290780701754386
