,val_mae,val_mse
0,0.0742982456140351,0.03725
