,roc_auc,f1_score,precision_score,recall_score,accuracy_value
0,0.9988235294117647,0.9836065573770492,0.967741935483871,1.0,0.991304347826087
