,roc_auc,f1_score,precision_score,recall_score,accuracy_value
0,0.9890873015873015,0.9655172413793104,1.0,0.9333333333333333,0.9824561403508771
