,roc_auc,f1_score,precision_score,recall_score,accuracy_value
0,0.9842985842985843,0.935064935064935,0.9,0.972972972972973,0.9647887323943662
