,roc_auc,f1_score,precision_score,recall_score,accuracy_value
0,0.998015873015873,0.9666666666666667,0.9666666666666667,0.9666666666666667,0.9824561403508771
