,roc_auc,f1_score,precision_score,recall_score,accuracy_value
0,0.9873015873015873,0.9206349206349206,0.8787878787878788,0.9666666666666667,0.956140350877193
